title,lexical_diversity,dialogue_ratio,avg_sentence_len,sentiment,target_tickets,target_clicks
1977，开局女知青以身相许,0.432,0.394,22.5,0.58,257,215224
Black便利店,0.45,0.379,44.6,0.447,22,300025
BUG神瞳,0.411,0.213,25.8,0.602,85,99600
NBA教父：我有一万种被动光环,0.465,0.272,33.6,0.64,15,43260
一世剑仙,0.628,0.037,40.8,0.83,102,769455
一世如龙,0.543,0.115,33.9,0.712,3990,16707372
一世孤尊,0.459,0.149,23.2,0.701,272,173899
一世独尊,0.541,0.128,27.5,0.694,13387,28780633
一剑倾国,0.675,0.207,25.6,0.588,133,696979
一剑吞鸿,0.548,0.278,45.4,0.747,680,1027923
一剑掌乾坤,0.523,0.319,33.9,0.571,2279,451077
一剑擎天,0.598,0.0,60.9,0.923,212,255899
一剑朝天,0.432,0.264,35.4,0.604,121,1651887
一剑独尊,0.36,0.358,27.1,0.707,21392,423151319
一剑画天,0.676,0.022,69.0,0.834,87,17999
一剑绝世,0.458,0.307,22.6,0.712,5001,5205650
一品,0.502,0.142,25.9,0.618,3900,2594409
一天突破十二境，你跟我退婚？,0.501,0.236,33.6,0.71,42,12577
一幡在手天下我有,0.493,0.15,52.7,0.669,433,83029
一念登天,0.448,0.264,24.9,0.508,804,46423
一笔封仙,0.516,0.279,29.7,0.561,25,305881
一统江湖：他只是一个小虾,0.409,0.354,19.7,0.616,71,90528
一语破天机,0.429,0.311,31.1,0.727,9296,1148056
一身反骨，逆破苍天,0.443,0.35,26.8,0.644,46,24297
七世神盘,0.464,0.171,42.8,0.839,241,174697
七个姐姐听到我心声，心态彻底崩了！,0.436,0.262,20.8,0.703,12,435925
七贱下虎山,0.502,0.091,36.8,0.696,564,28814
万世为王,0.462,0.126,35.2,0.766,95,21263491
万世帝君,0.492,0.247,41.3,0.733,1238,67424
万仙来朝,0.498,0.237,22.8,0.692,14523,8697091
万倍返还，我收徒百无禁忌,0.419,0.225,19.4,0.633,266,828703
万剑朝宗,0.503,0.214,23.9,0.669,2318,389750
万劫之主,0.488,0.218,28.0,0.66,2471,972516
万劫无朽,0.431,0.389,40.1,0.715,2611,230029
万古天骄,0.557,0.184,37.8,0.44,5613,3469820
万古最强龙帝,0.45,0.32,90.2,0.828,33,37721
万古第一武神,0.384,0.344,28.6,0.632,453,474781
万古第一皇,0.492,0.123,45.9,0.596,255,178556
万古英豪,0.53,0.209,31.9,0.685,33,2339
万域之王,0.442,0.321,32.1,0.755,112,261972229
万域剑帝,0.486,0.138,22.6,0.722,42,50526
万妖战歌,0.421,0.303,58.6,0.443,135,236444
万族之劫：我将埋葬诸天,0.441,0.31,18.2,0.603,63,5970
万灵无疆,0.529,0.192,27.5,0.717,32,16448
万界剑尊,0.455,0.225,22.9,0.671,449,476851
万界导游使,0.622,0.111,26.3,0.66,34,23182
万界武祖,0.493,0.295,28.1,0.791,42,9107
万界称尊,0.411,0.219,22.2,0.651,33,12535
万界第一枪,0.429,0.152,31.3,0.7,225,10573
万相之王,0.485,0.169,36.9,0.609,5256,109506438
万苍天穹,0.509,0.197,36.2,0.665,16,26894
万象天劫,0.444,0.209,32.2,0.637,10159,318996
万道之王,0.479,0.165,29.1,0.815,28,3333
万道仙王,0.48,0.166,30.7,0.75,47,268231
万骨妖祖,0.529,0.111,32.0,0.734,74,142478
万魔之上,0.545,0.185,33.3,0.715,50,4974
三国之最风流,0.516,0.131,43.0,0.685,659,10342140
三国庶天子,0.539,0.346,31.0,0.693,303,22432
三国归晋,0.522,0.171,44.0,0.661,162,271190
三国我为王,0.532,0.146,36.3,0.717,16,8600
三国重生之我有反伤刺甲,0.543,0.078,28.1,0.486,50,42026
三界两境录,0.728,0.039,34.4,0.736,320,51600
三界武皇,0.443,0.297,21.8,0.655,465,55766
上古圣墓,0.442,0.003,82.4,0.629,45,8316
下八门,0.443,0.293,32.6,0.462,115,2181847
不会修炼的我成帝了,0.427,0.314,25.6,0.616,29,275799
不是说好解毒么，怎么成仙帝了？,0.54,0.182,23.0,0.627,376,1443638
不朽神途,0.397,0.169,32.1,0.797,165,16686
不死邪神,0.396,0.243,29.6,0.715,60,1490613
不灭神魂,0.457,0.278,20.5,0.57,71,48971
不让江山,0.446,0.304,39.1,0.526,26425,57902694
且听剑吟,0.654,0.078,48.0,0.789,2752,1678491
世界探宝异闻录,0.45,0.234,35.8,0.431,534,32827
东北：老仙驾到,0.516,0.085,33.3,0.564,44,5888
东北修道三十年，世人敬我如敬神,0.476,0.157,30.9,0.44,232,259368
东北地仙,0.534,0.184,34.6,0.475,44,161813
东域游侠传,0.562,0.318,32.4,0.766,2682,575092
丧尸末劫：生存者的征途,0.459,0.066,31.0,0.759,130,23941
临天之主,0.499,0.222,31.4,0.677,26,20599
为了道侣去修仙,0.494,0.159,54.1,0.58,65,15044
义盖云天笑三国,0.392,0.235,37.5,0.595,17,16628
乘龙赘婿,0.476,0.209,32.2,0.506,236,7490448
九世剑仙,0.419,0.164,28.7,0.628,126,208769
九世经轮,0.527,0.136,55.1,0.733,205,78822
九元咒,0.484,0.173,26.4,0.538,47,21106
九劫剑仙,0.46,0.182,41.0,0.789,1662,65537
九劫生晖,0.523,0.168,32.6,0.72,163,8134
九域剑祖,0.463,0.137,37.8,0.599,17,33534
九境之主,0.571,0.358,28.2,0.587,7395,343913
九天元帝,0.497,0.295,46.3,0.612,74,421187
九天剑主,0.651,0.085,45.8,0.316,2568,13974346
九天大漠,0.529,0.023,46.7,0.796,93,63307
九天斩神诀,0.454,0.219,22.5,0.691,196,832035
九幽剑主,0.474,0.297,22.5,0.536,1180,138934
九幽剑帝,0.449,0.282,19.8,0.653,21,10915
九星镇天诀,0.487,0.271,29.1,0.745,10526,3333741
九段刀,0.493,0.306,47.5,0.702,532,782265
九转剑帝,0.345,0.646,25.0,0.601,72,20626
九转玄邪录,0.504,0.17,24.9,0.67,60,9168
九阳天帝,0.434,0.36,27.0,0.549,128,546
九阳武神,0.427,0.292,19.5,0.657,144,1038235
九霄剑帝,0.464,0.366,21.8,0.629,41,24487
九龙乾坤诀,0.408,0.281,21.7,0.558,16,321149
九龙剑皇,0.446,0.365,21.3,0.758,83,585645
九龙夺嫡：废材成皇,0.457,0.313,26.2,0.653,40,371371
书生笑,0.587,0.152,46.9,0.832,101,187902
乱世末路,0.665,0.044,42.8,0.74,73,72481
乱世银枪,0.473,0.146,26.6,0.722,221,47773
乱话西游,0.465,0.215,27.7,0.666,393,62724
乾坤塔,0.45,0.176,21.7,0.585,27,472311
云烟神帝,0.449,0.271,30.6,0.662,292,117774
云雁关山度,0.51,0.147,36.7,0.713,561,96694
五仙门,0.474,0.322,34.9,0.607,585,7190866
井元书屋,0.426,0.139,20.5,0.499,61,29389
亘古天阙,0.567,0.035,35.1,0.756,57,70850
亡灵君主：天灾纪元,0.466,0.129,30.6,0.666,27,79307
人在朝天宗，大师姐要我助她修行,0.432,0.245,29.9,0.678,1511,37949
人在末世，我能联通现实,0.481,0.083,40.2,0.576,9055,152373
人在玄幻，我是真的想退婚啊,0.56,0.1,26.1,0.677,23,3722
人在神雕，开局获得九阳神功,0.514,0.19,34.0,0.71,16,488508
人道斩天,0.627,0.066,39.4,0.687,7740,349751
人道至圣,0.45,0.261,30.6,0.797,157,30948
人间仙道,0.425,0.322,28.4,0.572,33,14480
人间十万剑长白,0.441,0.418,17.6,0.536,22,16088
人间守卫,0.621,0.012,42.5,0.755,123,51063
人间最得意,0.41,0.246,46.1,0.743,201,2862192
人间最高处,0.496,0.27,30.9,0.723,106,533325
人间有剑,0.432,0.207,29.4,0.516,14636,4191483
人间畏途,0.532,0.175,40.6,0.798,64,86307
人间第一刀,0.563,0.076,37.6,0.804,22,20552
从仙帝开始修真,0.514,0.114,29.2,0.706,220,8198
从军赋,0.55,0.318,28.7,0.617,3186,6082168
从县委书记到权力巅峰,0.424,0.325,28.6,0.496,525,3801120
从小媳妇要传宗接代开始,0.52,0.202,22.3,0.584,37,112947
从省府大秘到权力巅峰,0.472,0.21,28.6,0.553,194,985577
从纪委科员问鼎权力巅峰,0.481,0.265,35.1,0.614,168,298939
从鉴灵院开始逆袭成神,0.505,0.251,29.3,0.548,714,6782
从骑士到国王,0.408,0.301,65.0,0.761,25,66506
仗星行,0.473,0.075,23.1,0.703,122,10036
仙人之上,0.484,0.23,33.5,0.677,558,20093
仙佛浩劫,0.428,0.217,37.1,0.629,10210,12085840
仙元不朽,0.455,0.242,26.9,0.684,90,28969
仙凡神宇,0.458,0.18,58.4,0.784,36,126322
仙囚,0.572,0.125,27.3,0.748,219,93681
仙女叫我来修仙,0.53,0.166,17.1,0.717,85,68682
仙子，求你别再从书里出来了,0.487,0.322,26.1,0.573,2835,87728
仙帝,0.759,0.0,33.1,0.512,223,253448
仙帝在上,0.494,0.104,45.4,0.576,56,77413
仙朝,0.477,0.063,34.4,0.695,1076,6544365
仙本是贼,0.479,0.259,27.5,0.605,1817,94247
仙棺，神墟，剑无敌！,0.419,0.205,27.2,0.72,198,1292593
仙游四海,0.529,0.323,31.2,0.675,169,65880
仙王奶爸,0.409,0.312,19.2,0.608,9766,1843185
仙界刁民,0.674,0.0,21.6,0.515,39,99109
仙穹之巅,0.916,0.0,57.2,0.457,200,47026
仙道九绝,0.43,0.292,25.3,0.701,313,681282
仙道书,0.59,0.018,39.9,0.802,3750,226195
仙道觅长生,0.433,0.279,27.5,0.565,167,67244
仙道长明,0.487,0.307,27.2,0.59,83,33722
仙都,0.555,0.113,42.1,0.516,3857,7245915
仙魔春秋,0.474,0.167,28.6,0.787,76,87107
以雷霆杀穿末日,0.526,0.205,18.8,0.624,24,5969
伏牛图,0.596,0.22,50.7,0.643,45,13579
众仙俯首,0.447,0.134,25.7,0.751,5556,4870855
何为仙魔,0.489,0.137,23.2,0.728,48,43428
何处望神州,0.654,0.0,33.1,0.77,260,55114
佛天大智贤僧录,0.424,0.052,29.3,0.686,396,9192
你有天眼不去赌石，又在乱看,0.454,0.321,20.9,0.525,20,220638
侠行天地,0.39,0.532,20.8,0.568,41,12478
侯门第一纨绔,0.495,0.154,24.1,0.616,178,549369
修仙：我在云疆养仙蚕,0.486,0.108,24.2,0.693,4891,52454
修仙从磕头开始,0.512,0.214,30.5,0.697,549,146197
修仙便利店,0.43,0.206,20.8,0.482,22,4117
修仙有劫,0.455,0.181,23.2,0.633,5252,155352
修仙秘宝,0.513,0.221,46.4,0.807,2715,86554
修勾修仙：我的男友是二哈,0.623,0.02,21.4,0.699,36,17571
修真大福星,0.402,0.256,50.9,0.658,317,96695
修行不老实，师娘赶我下山举世无敌,0.45,0.408,22.4,0.622,17,153189
修魔有道,0.42,0.116,27.5,0.485,350,164605
借命风水师,0.442,0.27,25.4,0.627,23,318648
借魔成仙,0.678,0.026,39.5,0.768,26,37955
倾天一剑,0.484,0.316,28.2,0.677,12,4482
傲世潜龙,0.479,0.442,37.4,0.613,146,4208688
儒武争锋,0.509,0.208,38.4,0.756,1799,13229843
儒道：我写书成圣,0.453,0.223,42.0,0.603,23,335656
儒道帝尊,0.453,0.256,24.6,0.633,45,3732
元始剑尊,0.437,0.289,28.9,0.746,32,17942
元尊,0.5,0.142,34.5,0.771,225,859616174
元武星空,0.544,0.142,20.2,0.705,45,1574
元灵之心,0.415,0.192,34.8,0.668,196,27811
元素领域,0.441,0.387,27.9,0.684,73,26063
入殓惊魂,0.42,0.235,23.2,0.457,113,122820
全军列阵,0.539,0.112,34.6,0.666,35074,34820492
全家被流放，我八岁科举翻身,0.513,0.144,24.5,0.588,18,4477
全息猎手,0.556,0.358,27.6,0.705,489,16503
全民修武：最强暴君,0.421,0.047,19.3,0.596,47,64651
全民末日：开局获得神级天赋,0.457,0.12,31.9,0.64,157,27154
全民求生：开局一个怪物领地,0.457,0.184,24.8,0.719,60,4968
全球变异，从灾厄降临开始,0.463,0.115,37.9,0.623,78,992931
全球末世：开局觉醒吞魂天赋,0.465,0.227,22.1,0.58,14,134967
全职卡牌系统,0.684,0.0,32.1,0.639,68,131397
全职咒术师,0.487,0.161,25.6,0.654,46,29612
全能下人,0.505,0.173,37.8,0.75,61,29297
全能仙医,0.515,0.225,21.4,0.66,7085,2346493
全能巨星：天道带我上高速,0.626,0.178,29.1,0.579,12864,825554
全音阶狂潮,0.593,0.099,96.4,0.714,1454,6187803
八世巅峰,0.564,0.176,35.5,0.636,40,10073
公子世无双,0.59,0.178,39.2,0.639,50,187644
公子剑：圣女小姐不惜以身相许也要让我上山,0.535,0.283,25.6,0.704,12,2352
六道轮回塔,0.536,0.145,29.7,0.745,1201,24196
六零：饥荒年当伙夫，社员都被馋哭了,0.449,0.267,46.1,0.562,19,58995
兽人管理局,0.382,0.291,45.0,0.68,88,38779
再修仙我就死定了,0.476,0.24,23.7,0.66,70,121950
冒牌运灵师,0.5,0.236,27.7,0.576,114,36530
军工强国：开局云爆弹洗地,0.44,0.263,25.1,0.584,42,183102
冰寒武神：我能吸纳万神功法,0.439,0.378,31.8,0.635,43,83689
冰河末世：我打造神级避难所,0.482,0.156,30.6,0.542,27,94853
冲破虚空,0.553,0.122,29.9,0.647,1187,99386
决不能怂,0.495,0.092,36.8,0.655,913,116069
凡人剑仙,0.45,0.3,30.3,0.696,55,20030
凡人岂能不死,0.479,0.289,28.7,0.619,24,15173
凡人狂徒,0.404,0.126,36.1,0.757,66,37946
凡尘飞仙,0.438,0.144,20.9,0.553,129,217554
凡徒,0.563,0.07,25.5,0.688,4960,2241600
凶灵秘闻录,0.495,0.038,41.8,0.671,171,3155744
出狱即无敌，前妻跪求我原谅,0.453,0.25,19.8,0.656,341,2385
出狱既无敌，前妻要离那就离,0.482,0.282,31.9,0.557,55,1723993
出阳神,0.489,0.192,19.4,0.501,824,2067459
刀与王座,0.391,0.429,28.7,0.635,123,34459
刀起：仙岁浮与尘,0.401,0.469,21.8,0.662,29,57567
刚下山，就被五位师姐宠上天,0.462,0.245,21.1,0.514,46,994664
创世血瞳,0.454,0.0,148.1,0.946,1485,460007
初始技能也很猛,0.663,0.0,36.4,0.771,190,71032
刺客圣契,0.598,0.123,40.0,0.729,549,45114
剑，再来！,0.518,0.197,41.9,0.61,17,38053
剑仙,0.565,0.214,20.6,0.657,12,6612
剑仙在此,0.52,0.2,27.2,0.69,58531,96128175
剑仙朝,0.498,0.318,26.9,0.724,14,40265
剑仙请慢走,0.548,0.039,46.9,0.728,35,65526
剑仙饶命,0.625,0.079,28.5,0.766,149,264722
剑公子,0.413,0.274,42.4,0.57,189,4015303
剑出太平,0.461,0.119,28.1,0.645,19,6220
剑剑超神,0.504,0.156,37.6,0.655,2511,2382045
剑动仙朝,0.474,0.185,27.6,0.671,14424,622644
剑啸成歌,0.349,0.347,28.8,0.69,103,554377
剑嗜横空,0.431,0.22,50.0,0.775,646,18396
剑开仙门,0.451,0.235,25.6,0.577,19,49706
剑开太平,0.496,0.31,36.4,0.632,3373,502654
剑斩仙门,0.463,0.312,22.3,0.595,1135,110743
剑来,0.528,0.171,49.2,0.638,35568,353713654
剑来：宁姚做大，秀做小,0.421,0.224,22.3,0.628,119,55643
剑武狂尊,0.393,0.328,19.6,0.625,68,40390
剑气满乾坤,0.651,0.004,33.3,0.429,256,215888
剑气长安,0.468,0.123,28.4,0.789,244,67116
剑破九幽,0.464,0.347,22.0,0.625,45,6325
剑神老爹逼我去修炼,0.431,0.335,24.9,0.692,18,17288
剑行三千,0.431,0.387,41.7,0.601,21,13764
剑行妖土,0.536,0.283,43.3,0.676,81,25067
剑道丹尊,0.478,0.226,23.3,0.666,31,667207
剑道仙宗,0.517,0.335,36.6,0.703,101,15954
剑道圣君,0.483,0.316,30.0,0.68,870,112201
剑道极巅,0.451,0.215,23.0,0.705,22,2145
剑道第一仙,0.493,0.189,27.5,0.763,12718,111774796
剑道通神,0.52,0.116,40.3,0.749,35,9685615
剑道长生路,0.511,0.142,26.0,0.599,150,946127
剑道龙皇,0.466,0.142,35.6,0.686,45,57417
剑问九州,0.514,0.229,22.0,0.658,102,169572
剑问星辰,0.643,0.0,36.8,0.653,101,65313
剑飞,0.484,0.178,20.5,0.723,2329,388498
剑骨,0.633,0.006,33.8,0.765,3286,7898661
割鹿记,0.442,0.346,32.9,0.619,44718,5521344
功高盖主被猜忌？我转投敌营,0.5,0.255,22.9,0.668,44,804
劣根枷锁,0.46,0.289,54.0,0.663,89,142126
北宋柱国,0.484,0.343,28.3,0.512,123,147201
匠心,0.489,0.138,26.0,0.439,1010,2176227
医品龙王,0.55,0.168,21.4,0.699,6094,953785
医流武神,0.4,0.22,32.2,0.649,13068,3866045
医海沉浮,0.462,0.228,34.1,0.783,1691,37467
医海纵横,0.509,0.182,33.1,0.615,27,145453
医生的那些事儿,0.462,0.273,32.7,0.747,3064,244226
医路青云,0.567,0.131,22.7,0.743,5592,8238188
医道的江湖,0.479,0.466,30.0,0.654,53,120038
十三使徒,0.44,0.0,53.9,0.896,42,305162
十三皇子,0.442,0.194,203.8,0.635,77,239218
十代掌门,0.387,0.006,434.8,0.879,43,894830
十修,0.401,0.274,27.4,0.677,2175,70632
十国千娇,0.539,0.095,36.2,0.616,46,9124874
十天一天赋，成为吸血鬼的我太BUG了,0.483,0.08,35.7,0.703,497,1161218
十方乾坤,0.451,0.164,45.2,0.692,743,24553367
十方天帝,0.434,0.178,43.0,0.764,45,4220
半妖日记,0.482,0.171,29.0,0.735,28,18350
半生道,0.531,0.127,33.8,0.439,141,255837
华娱1981：从西游记开始,0.475,0.193,31.0,0.641,17,486590
华娱之黄金年代,0.514,0.081,31.5,0.585,30,2157337
卒舞,0.473,0.397,35.5,0.533,455,131690
卖假货的系统,0.508,0.34,18.6,0.686,86,40514
南宋大相公,0.455,0.313,25.9,0.638,75,491583
卦破九霄：我在修仙界改命逆天,0.475,0.176,16.1,0.574,69,5604
却道寻常,0.509,0.165,26.5,0.621,690,1607975
厨子很忙,0.448,0.288,30.8,0.342,33,108348
双生战记,0.459,0.203,36.4,0.964,39,8519
反派大佬的从良路,0.479,0.33,44.9,0.776,106,31711
反穿越调查局,0.449,0.568,26.5,0.571,440,1384065
发飙的人生,0.531,0.083,32.3,0.564,119,168742
古墓迷魂,0.433,0.398,26.3,0.57,38,15748
古玩情仇传,0.428,0.217,23.8,0.728,109,279101
叩王庭,0.458,0.146,29.9,0.559,71,461963
台球博士,0.485,0.1,33.9,0.647,59,25841
史上最强师父,0.383,0.2,20.6,0.733,25,1523094
史上最强邪君,0.532,0.081,38.8,0.683,137,276089
史上第一天帝,0.542,0.221,28.2,0.605,29,26181
号外,0.543,0.229,39.3,0.603,22,998
司灵图,0.532,0.371,33.2,0.663,371,28486
司马牧羊,0.555,0.062,56.0,0.562,148,16934
吃蘑菇后，我成了绝世古仙医,0.519,0.149,23.4,0.607,2687,223025
君邪天下,0.52,0.531,55.1,0.791,44,93258
吞噬九重天,0.451,0.253,18.2,0.584,1136,3669329
吞天御剑诀,0.385,0.268,23.8,0.781,16,28166
吞天混沌经：开局先吞圣女修为,0.503,0.309,36.3,0.652,104,131300
吞天道主,0.523,0.18,32.7,0.699,250,228683
吞海,0.551,0.106,30.5,0.644,83,1143925
听僵,0.493,0.176,23.5,0.602,64,151848
吸血鬼魔法师,0.401,0.291,22.9,0.665,129,26841
吾有一颗成帝心,0.431,0.208,22.9,0.725,47,12643
咖啡馆内无敌于世,0.649,0.082,28.6,0.68,2167,63914
喀什的云朵,0.6,0.239,44.2,0.628,120,41495
嗜血神医,0.65,0.174,39.0,0.499,72,64151
噬心魔种,0.456,0.093,23.6,0.548,54,12547
囚仙塔,0.481,0.284,24.5,0.742,538,19401
囚仙问道,0.427,0.308,36.2,0.599,64,5718
国医无双,0.442,0.281,23.1,0.588,11474,7652390
国民神医,0.455,0.303,22.2,0.616,12391,18292870
圣光法师的投掷砖精,0.499,0.358,37.2,0.753,82,1369187
圣尊之途,0.47,0.304,23.4,0.751,117,213448
圣师之路,0.55,0.06,25.5,0.699,105,24513
圣武星辰,0.462,0.174,33.2,0.781,2208,425761289
圣殊,0.383,0.341,19.7,0.527,2522,3178741
圣王,0.547,0.007,53.5,0.648,93,61001633
圣纹纪,0.396,0.252,24.9,0.639,77,28943
地狱基石,0.469,0.264,20.8,0.447,261,52462
地狱迷宫,0.488,0.0,32.5,0.725,32,174325
地球被撞后，我持枪纵横末世！,0.452,0.097,81.3,0.802,40,217588
地球过河卒,0.511,0.144,33.2,0.743,36,133427
基因密码,0.539,0.142,32.6,0.595,242,7356101
墨侠之大西宝藏,0.562,0.254,51.5,0.645,90,25479
墨染江山,0.39,0.308,20.6,0.623,13,42592
复仇：带着替身归来,0.505,0.255,29.2,0.707,99,6137
夜江湖,0.533,0.207,41.8,0.713,203,42721
夜烬天下,0.462,0.217,43.6,0.746,204,5912672
夜落长安,0.445,0.292,33.8,0.62,67,692066
大乾最狂驸马爷,0.498,0.267,19.9,0.546,623,2103283
大乾边关一小卒,0.495,0.157,22.4,0.515,2137,178793
大仙武,0.444,0.417,42.5,0.705,50,447849
大侠萧金衍,0.489,0.209,37.8,0.788,283,5631235
大元素使,0.614,0.075,34.8,0.432,100,295895
大华恩仇引,0.521,0.145,31.7,0.782,120,378382
大厨小婿,0.479,0.278,28.6,0.612,22127,9796524
大叔凶猛,0.478,0.178,37.5,0.546,29,1275360
大周王侯,0.493,0.219,23.7,0.56,39,1693699
大周逍遥王爷,0.461,0.181,32.5,0.627,33,80345
大唐剑尊,0.647,0.0,37.1,0.538,566,123041
大唐小兕子：小囊君，我又给你带好东西啦,0.476,0.137,20.6,0.598,11,4137
大唐小兵,0.314,0.486,19.9,0.662,15,8119
大唐山海行,0.54,0.23,52.9,0.637,549,1163082
大夏刑案官,0.518,0.304,24.7,0.556,45,50522
大宋暗卫,0.528,0.425,26.2,0.579,221,11399
大宋第一匠户,0.472,0.233,26.4,0.713,30,225093
大宋续命人,0.573,0.357,46.7,0.588,74,25773
大庆第一太子爷,0.451,0.305,19.4,0.628,46,12581
大明：家妻上将军,0.459,0.245,32.9,0.592,19,1004882
大明：寒门辅臣,0.487,0.221,30.5,0.656,3011,4386217
大明：我重生成了朱允炆,0.505,0.206,27.5,0.613,680,3377548
大明乌纱,0.488,0.269,29.7,0.503,45,247876
大明公务员,0.49,0.097,17.2,0.535,139,1211368
大明国士,0.492,0.231,22.1,0.596,24,171552
大明孤忠李定国,0.491,0.184,27.9,0.614,59,57375
大明执棋人,0.523,0.172,29.2,0.714,25,31348
大明春色,0.483,0.287,27.5,0.635,666,10963616
大明杀神,0.487,0.073,36.5,0.631,125,106042
大明测字天师,0.475,0.229,26.7,0.504,75,799937
大明烟火,0.474,0.252,29.9,0.591,154,6518503
大明第一吏,0.435,0.139,32.5,0.563,44,590242
大明第一国师,0.45,0.282,23.4,0.54,21,14156
大明第一墙头草,0.549,0.19,27.8,0.54,730,621667
大明镇抚使,0.589,0.229,37.9,0.761,29,28998
大炎不良人,0.447,0.084,46.6,0.738,240,958866
大燕斩妖人,0.457,0.202,25.9,0.594,3968,744310
大秦：寒门小娇妻,0.472,0.207,20.2,0.593,3538,177484
大荒剑帝,0.608,0.141,25.0,0.565,13318,8284203
大荒起剑人,0.569,0.126,25.2,0.588,57,41497
大虞明镜司,0.454,0.203,22.9,0.559,15,4053
大衍剑仙,0.454,0.333,20.8,0.769,69,54208
大造化剑主,0.621,0.141,36.6,0.716,2448,8216061
大道南行,0.565,0.061,32.2,0.679,110,164058
大道玄途,0.538,0.267,41.3,0.726,663,1076122
大道神主,0.451,0.221,33.5,0.775,4625,194628
大道自在行,0.431,0.301,27.8,0.604,206,83201
大道葬经,0.523,0.122,25.3,0.672,110,167143
大金乌,0.462,0.4,19.9,0.689,34,39733
大隐,0.477,0.464,27.2,0.612,586,102917
大雪满龙刀,0.549,0.122,20.6,0.658,24670,20138753
大靖执剑人,0.572,0.055,25.8,0.638,111,20305
大靖长风录,0.642,0.093,24.7,0.735,239,128457
大魏执笔人,0.625,0.0,47.2,0.752,84,273504
大魏春秋,0.508,0.115,17.4,0.766,63,76203
大魏王侯,0.585,0.024,46.3,0.836,33,1016855
大魏疯王,0.447,0.278,23.4,0.651,9,603212
大魏芳华,0.497,0.224,28.0,0.582,10322,18818757
天上白玉京,0.519,0.252,31.0,0.633,468,697903
天下神藏,0.476,0.198,27.5,0.624,68,646572
天下长宁,0.495,0.17,33.0,0.622,44000,50874914
天书进化,0.407,0.117,67.8,0.697,64,147412
天兽传说,0.678,0.0,47.5,0.849,59,82044
天刑纪,0.6,0.028,27.6,0.564,235,2085596
天劫摆渡人,0.46,0.309,28.9,0.595,536,465270
天命：从大业十二年开始,0.429,0.236,34.0,0.674,1005,1303734
天命师,0.484,0.384,34.6,0.365,128,106038
天地战记,0.405,0.227,33.5,0.742,829,417202
天地阙,0.463,0.325,22.9,0.624,141,10050
天师之巅,0.587,0.144,36.8,0.582,480,87201
天师无双,0.495,0.279,37.5,0.543,32,559394
天才神医,0.466,0.275,25.0,0.622,228,989852
天灾末日：开局囤货，我嘎嘎乱鲨,0.482,0.29,32.8,0.493,1272,53054
天狱边缘,0.533,0.104,37.7,0.883,56,58397
天盗有缺,0.465,0.123,43.3,0.742,63,25728
天眼之下,0.619,0.001,44.8,0.341,186,63714
天神下凡,0.586,0.035,38.6,0.731,257,9938999
天网,0.566,0.194,49.4,0.517,55,40479
天道天骄,0.546,0.024,38.9,0.713,617,2213606
天道新主,0.511,0.234,38.1,0.78,513,25641
天道神宗,0.614,0.096,45.1,0.684,27,25687
天问九歌,0.509,0.253,27.0,0.633,363,154071
天降鬼才,0.522,0.195,34.2,0.722,214,1546120
天霄承夏,0.54,0.187,35.4,0.749,48,8373
天骄战纪,0.553,0.11,37.4,0.741,76,28934043
天黑请点灯,0.49,0.215,19.2,0.434,4011,2605309
天龙从攻略王语嫣开始,0.528,0.152,36.1,0.763,59,88940
太初灵境,0.448,0.284,25.1,0.625,235,546564
太古玄幻录,0.438,0.109,52.5,0.786,279,17590
太古神族,0.423,0.163,31.9,0.637,32,782382
太古第一神,0.409,0.366,26.9,0.8,723,925487
太古龙墟,0.401,0.331,23.5,0.777,31,1980
太古龙神,0.488,0.153,28.3,0.69,24557,2201956
太平妖未眠,0.672,0.009,52.6,0.835,563,3904921
太平客栈,0.617,0.013,39.6,0.759,176,6361413
太荒吞天诀,0.478,0.172,37.6,0.589,6878,91399263
夫子又挨雷劈了,0.446,0.26,31.4,0.762,2064,30451
奇门仙道,0.376,0.266,36.3,0.659,947,186409
奇门圣尊,0.52,0.124,24.8,0.598,117,182117
奇门女镖师,0.498,0.205,28.2,0.541,24,6953
奋斗在大明,0.592,0.019,18.3,0.73,367,2130630
女主角是怎样练成的,0.451,0.134,28.1,0.738,109,36498
女侠叶沛,0.614,0.045,35.5,0.818,37,20476
好戏登场,0.472,0.283,27.1,0.414,30800,3105156
妖孽的开挂人生,0.472,0.242,38.7,0.736,18,457956
妖旗,0.507,0.202,25.2,0.671,135,405736
妙手大仙医,0.451,0.282,23.5,0.589,298,2712518
威震九域,0.46,0.209,34.1,0.653,89,18504
娱乐王朝,0.531,0.269,37.0,0.746,154,425325
娱乐系统之称霸全球,0.465,0.309,25.1,0.653,23,13667
嫡子凶猛,0.423,0.287,20.7,0.596,27,601945
安启群侠录,0.553,0.304,35.2,0.68,1107,27616
安晴传说,0.414,0.173,24.7,0.728,44,4616
宋疆,0.466,0.249,47.1,0.56,279,2094412
宗门破产，我下山无敌！,0.461,0.199,31.2,0.543,11,488626
定江山还得靠大哥,0.456,0.258,34.6,0.584,25,16554
宝可梦：这个训练家不科学,0.396,0.212,27.0,0.667,70,45984
宝藏猎人,0.436,0.285,20.7,0.585,421,927485
审判未来2028,0.53,0.322,39.0,0.799,189,87667
宦海重生：从市政府实习开始,0.437,0.267,27.9,0.733,226,93565
宰执天下,0.592,0.0,27.2,0.592,27,37012051
家兄朱允炆，请陛下赴死！,0.447,0.411,24.4,0.636,46,1455
家族修真之路,0.442,0.233,38.1,0.548,32,126341
家父李景隆，逍遥小国公,0.501,0.213,26.2,0.638,224,417712
密探江湖,0.433,0.361,25.2,0.481,17,12032
寒门仕子,0.48,0.236,27.4,0.531,102,2722211
寒门巨子,0.466,0.321,41.9,0.632,103,940023
寒门帝师,0.457,0.26,32.4,0.601,118,376712
寒门狂士,0.462,0.185,24.1,0.585,31,127825
对弈江山,0.525,0.108,35.6,0.691,5080,2280124
寻宝全世界,0.554,0.142,29.5,0.653,512,2949029
寻龙迷踪,0.53,0.147,41.6,0.655,274,141516
封印使者,0.439,0.117,37.0,0.71,510,42467
封疆悍卒,0.539,0.176,18.4,0.561,1810,2673345
将军好凶猛,0.735,0.02,44.5,0.666,18907,12298760
小兵凶猛,0.483,0.12,25.4,0.572,101,40559
小心飞升,0.59,0.06,27.8,0.713,87,31480
少年京都传,0.374,0.371,19.5,0.725,22,3776
少年异人,0.541,0.265,41.5,0.633,50,73944
尘隙,0.475,0.302,35.4,0.805,80,252713
属性流修真实录,0.523,0.173,26.7,0.593,103,44460
山巅最高处,0.483,0.299,40.5,0.71,75,25630
山有蝉鸣,0.563,0.14,43.3,0.678,3519,231021
山海三国志,0.553,0.067,38.4,0.584,35,16829
山海咖啡屋,0.419,0.223,48.9,0.582,86,110775
山海御剑录,0.558,0.137,39.0,0.742,62,543782
山海横流,0.579,0.141,46.5,0.831,123,121266
山海诡谈,0.576,0.144,34.0,0.87,6238,253478
巅峰之纪,0.405,0.418,21.2,0.716,1353,420649
巅峰仙道,0.445,0.137,30.0,0.782,4719,964127
巅峰权途,0.428,0.313,19.3,0.617,265,1789756
巅峰青云路,0.4,0.207,30.8,0.461,1312,2691770
巡天司,0.473,0.192,24.6,0.639,391,694095
巴山剑场,0.455,0.133,29.7,0.703,30,43145865
市井之徒,0.517,0.14,42.3,0.575,337,1605683
布衣青年闯天下,0.554,0.093,23.6,0.753,2845,202735
布衣首辅,0.464,0.406,24.1,0.535,4143,440832
师叔，你的法宝太不正经了,0.441,0.212,24.3,0.617,124,1093935
师叔万万岁,0.425,0.227,21.0,0.663,44,3439843
师尊逼我成真仙,0.477,0.253,37.5,0.752,33,4655
帝世无双,0.762,0.0,54.0,0.518,304,66915829
帝行说,0.449,0.36,35.6,0.713,88,16659
帝路称雄,0.389,0.364,26.0,0.737,263,18011
帝道为王,0.445,0.188,35.9,0.677,147,5682
帝道独尊,0.554,0.053,41.7,0.541,10989,12143223
带条老狗闯三界,0.479,0.223,20.2,0.51,26,4904
带着女儿闯末世,0.504,0.039,40.6,0.709,54,50818
带着智能横扫异界,0.492,0.281,29.7,0.431,79,405007
带着系统来大宋,0.473,0.088,29.7,0.816,80,222723
带着萌犬去巡天,0.521,0.178,35.7,0.597,2116,653116
带着虎符当太子,0.518,0.135,36.4,0.863,7413,2004561
平凡巅峰,0.431,0.446,34.0,0.607,70,151934
平天策,0.483,0.279,39.0,0.795,379,103751197
幽冥真仙,0.605,0.066,46.6,0.744,97,506313
庖丁捉鬼,0.531,0.201,29.2,0.61,94,71554
废土：全职小兵,0.496,0.168,24.3,0.497,22,84735
废土行者,0.604,0.038,24.8,0.638,221,1178028
废话太多真的不好,0.561,0.124,30.2,0.624,101,69052
开个诊所来修仙,0.495,0.16,29.3,0.555,55,76846639
开元雷尊,0.454,0.253,27.4,0.706,37,41359
开局一座仙武宝库,0.421,0.203,27.7,0.645,5628,369016
开局一群原始人,0.467,0.2,21.1,0.511,5187,2857811
开局丹田被废，我靠炼丹杀疯了,0.514,0.149,21.7,0.607,158,368498
开局兑换个天眼通,0.488,0.256,29.8,0.688,7167,6475038
开局全点防御，我震惊万人,0.524,0.153,37.0,0.52,2366,268560
开局弄哭女皇,0.414,0.206,29.6,0.685,98,57498
开局成为大反派，那我只好无敌了,0.477,0.22,42.0,0.74,54,49772
开局挨揍一百次，我觉醒天生霸体,0.567,0.064,35.4,0.707,26,118544
开局死士的我，却成了杀神！,0.498,0.17,21.3,0.692,30,1185
开局签到一个世界,0.465,0.15,25.9,0.543,61,40123
开局签到大唐皇位,0.43,0.286,30.8,0.61,110,80168
开局签到大宗师,0.411,0.1,26.6,0.624,63,501921
异世召唤之神魔三国,0.493,0.203,28.8,0.668,221,59035
异世崛起传奇,0.504,0.109,32.0,0.6,239,306056
异世灵武帝尊,0.51,0.33,45.6,0.774,33,89589
异族犯边，刚成状元的我领兵出征,0.451,0.419,26.8,0.637,28,6047
异界之极北称霸,0.489,0.0,29.6,0.736,11,5856
异界仙帝传说,0.503,0.275,29.3,0.7,243,66653
异界小厨神,0.446,0.297,26.0,0.67,10,3759
异界魔头在都市,0.456,0.216,21.0,0.544,134,253902
异者神术,0.441,0.405,35.0,0.528,83,40497
弈剑书,0.573,0.1,47.7,0.733,23586,373908
弑神仙尊,0.469,0.406,28.2,0.692,859,108146
当医生有了神级旁白,0.47,0.245,27.6,0.548,53,142451
当县令十年，下属非要给我黄袍加身,0.486,0.244,22.1,0.542,33,198442
彻元,0.53,0.194,36.6,0.533,77,86583
征战诸天：从大宗师开始,0.469,0.209,48.9,0.825,45,6406
徒儿你太无敌了，求求你下山去吧,0.421,0.254,23.9,0.526,57,1159526
御兽:我的兽宠可以无限加点,0.463,0.165,30.5,0.693,32,63338
御剑问仙,0.447,0.437,29.1,0.743,89,311603
御天猎神录,0.49,0.073,46.9,0.658,93,23859
御魔老祖,0.509,0.174,26.4,0.648,3176,13423
御鼎记,0.615,0.09,29.2,0.668,224,119237
德芸大师兄,0.523,0.075,36.6,0.596,18,464308
忘忧剑诀,0.466,0.34,23.8,0.703,22,10577
怪谈降临,0.492,0.203,44.2,0.64,46,129782
恐怖世界：我能签到每日礼包,0.437,0.199,24.8,0.5,1460,3463
恐惧黎明,0.44,0.091,40.5,0.649,46,11861
恒王,0.471,0.139,33.7,0.756,18,100944
恶仙,0.51,0.152,29.8,0.54,453,444585
恶灵信息库,0.473,0.107,28.7,0.706,108,29388
恶鬼当道,0.529,0.124,29.9,0.747,202,375532
恶魔大人有系统,0.462,0.263,30.7,0.826,90,10269
恶魔深渊,0.449,0.108,32.9,0.634,7678,792448
悍卒斩天,0.469,0.328,31.1,0.6,2888,4890761
您的神龙已发货,0.445,0.188,31.5,0.723,19,43523
惊悚博物馆,0.635,0.044,107.5,0.677,35,44277
慷慨天山,0.478,0.216,25.2,0.535,3949,3215554
成就系统：我在武道世界里修仙,0.472,0.249,29.1,0.611,131,296676
我！终不朽！,0.417,0.265,29.8,0.608,18,3148
我不会武功,0.464,0.087,45.9,0.693,214,6251478
我为人族逆诸神,0.489,0.026,24.9,0.783,46,54710
我从太空归来,0.411,0.304,26.3,0.611,265,96065
我以道心越仙凡,0.469,0.246,52.7,0.626,1981,9778
我以道种铸永生,0.503,0.142,21.7,0.683,1136,1066054
我们的村BA,0.537,0.367,34.1,0.685,517,8466
我做销售的那些年,0.517,0.132,36.5,0.713,124,84268
我医武双绝，踏出女子监狱起无敌！,0.452,0.289,21.6,0.685,156,806062
我只想游手好闲,0.512,0.064,105.3,0.749,110,57979
我只是一朵云,0.484,0.243,28.4,0.724,121,65933
我只有两千五百岁,0.456,0.191,20.7,0.825,22766,18095241
我和三千年前昆仑剑仙谈恋爱,0.446,0.308,22.6,0.546,684,28112
我和总裁师妹一起干翻系统,0.435,0.154,33.0,0.507,7336,169953
我和迷糊女徒弟的修行日常,0.468,0.127,29.2,0.601,46,366196
我和鬼怪有个约定,0.457,0.086,33.2,0.639,20,46338
我在三界开酒馆,0.786,0.0,21.9,0.718,1506,234461
我在东京打妖怪,0.429,0.323,24.3,0.69,392,41943
我在九零年代做大厨,0.45,0.297,45.5,0.432,50,34753
我在修仙界猎杀穿越者,0.417,0.094,46.7,0.875,4440,396796
我在唐朝放电影,0.589,0.058,34.1,0.772,149,36545
我在大俞做王爷,0.499,0.167,21.1,0.616,162,1418541
我在异界打篮球,0.436,0.148,31.7,0.583,154,24445
我在新东方教授魔法,0.479,0.278,21.7,0.705,106,8993
我在明末当特工,0.57,0.205,38.4,0.786,59,270164
我在末世有座城,0.558,0.184,24.8,0.68,40,353840
我在武侠跑龙套,0.484,0.137,24.1,0.621,39,52755
我在漫威抡魔杖,0.604,0.065,21.4,0.69,45,539030
我在都市长生不死,0.565,0.202,31.1,0.777,36,129328
我在霍格沃茨抡大剑,0.491,0.115,25.6,0.697,34,472698
我契约了我自己,0.396,0.062,38.4,0.705,314,1877047
我家道尊是神医,0.477,0.093,36.8,0.639,54,56078
我就是天阶,0.498,0.116,20.8,0.623,59,44082
我居然是终极大佬！,0.459,0.213,26.3,0.566,48,16254
我差亿点成神,0.46,0.265,26.2,0.623,52,24235
我干掉了主角,0.454,0.107,25.6,0.752,111,40807
我当捕快那些年,0.423,0.384,34.5,0.504,482,493693
我怎么就成灾星了,0.491,0.057,40.4,0.719,224,168080
我想有套房,0.416,0.173,20.2,0.631,588,113155
我是一个小卒,0.486,0.218,27.3,0.646,161,511193
我是一名剑修,0.437,0.223,33.9,0.714,19,73743
我是丧尸帝王,0.377,0.264,24.0,0.685,68,35785
我是刘协，我不做献帝,0.458,0.253,29.4,0.766,37,134860
我是山大王,0.494,0.429,25.4,0.473,525,117555
我有一剑,0.354,0.295,23.6,0.628,64256,304203926
我有一剑可斩仙,0.518,0.345,27.4,0.678,43,63526
我有一尊炼妖壶,0.614,0.211,30.4,0.615,754,4366609
我有一座江湖,0.803,0.0,20.1,0.746,634,683090
我有一座随身农场,0.454,0.131,46.7,0.703,34,1641101
我流亡缅北的那些年,0.505,0.124,20.4,0.502,479,474511
我用阵法补天地,0.497,0.148,40.5,0.742,8419,291267
我的傲娇总裁老婆,0.425,0.274,21.6,0.527,242,56253
我的刁蛮女总裁,0.482,0.164,39.3,0.551,40,233082
我的功法可以吞噬一切,0.388,0.171,43.1,0.703,14,2966
我的员工非人哉,0.477,0.279,21.2,0.728,50,11340
我的宿主千千万,0.411,0.426,18.5,0.491,49,83666
我的徒弟又丢了,0.414,0.355,18.4,0.618,57,115779
我的治愈系剧本杀,0.452,0.153,30.0,0.608,47,25551
我的系统无所不能,0.474,0.157,157.0,0.698,333,55418
我的绝色女总裁,0.473,0.331,29.6,0.774,22,126865
我的老公有点神,0.553,0.156,21.2,0.695,184,289789
我的超能力好像过于逆天,0.441,0.195,33.4,0.67,119,64459
我的酒壶能修仙,0.466,0.104,37.4,0.614,917,191566
我省府大秘，问鼎京圈,0.502,0.246,22.3,0.635,193,226145
我真不想做昏君啊,0.492,0.123,26.9,0.544,29,62188
我真不想当渣男啊,0.399,0.327,21.7,0.712,83,83065
我真不是剑仙,0.486,0.296,24.2,0.602,101,962501
我真不是谪仙人,0.484,0.256,24.3,0.749,666,201161
我真是太阴险了,0.457,0.255,17.6,0.598,3585,1991457
我真没想当渣男啊,0.59,0.128,45.6,0.692,114,706304
我竟是第一位仙人,0.47,0.124,27.8,0.581,61,47710
我缔造了文娱盛世,0.476,0.231,18.9,0.607,66,303951
我老婆是宇宙之心,0.403,0.324,24.1,0.562,190,53972
我被坑成了剑圣,0.42,0.185,26.4,0.533,93,529411
我跑长途遇到的那些邪乎事,0.494,0.136,25.7,0.462,220,348016
战神从复仇开始,0.535,0.159,34.5,0.634,91,122382
战神殿,0.453,0.298,27.1,0.598,29,3408702
打到北极圈了，你让我继承皇位？,0.51,0.233,21.2,0.659,488,1039376
执剑长安,0.434,0.198,26.3,0.724,33,29539
执子洪荒,0.364,0.17,41.7,0.713,85,7157
执罚者,0.476,0.257,25.1,0.571,22,1717
扶摇九霄传,0.563,0.185,39.2,0.832,62,3815435
拜金出轨，我修仙归来你有脸求复合？,0.453,0.3,25.9,0.588,23,37071
捍卫天骑,0.541,0.079,49.4,0.803,29,526467
换宋,0.511,0.241,30.7,0.718,40,291867
掌天图,0.454,0.328,20.7,0.616,254,436652
掌门怀孕，关我一个杂役什么事,0.503,0.192,23.0,0.647,185,571320
探宝修真在都市,0.645,0.008,38.4,0.763,236,273316
提刑仙官,0.452,0.232,25.9,0.729,184,39549
携剑上九天,0.535,0.183,44.7,0.792,31,23040
摊牌了，我就是全能巨星,0.471,0.299,19.7,0.511,642,509834
摘古,0.495,0.18,31.9,0.623,26,36115
救命，我的直播出问题了！,0.438,0.131,31.2,0.604,52,55355
敕令,0.501,0.123,33.5,0.814,26,52587
散修之王,0.448,0.278,33.8,0.524,24,52564366
斗兽山,0.516,0.254,29.3,0.616,107,15899
斗兽山海,0.508,0.181,27.1,0.709,2272,1423988
斗罗大陆V重生唐三,0.494,0.009,24.5,0.783,137,1562809
斩云纪,0.528,0.095,57.2,0.814,89,17342
斩妖,0.471,0.257,22.5,0.651,58,1097218
斩妖除魔：我镇压诸天亿万妖魔,0.462,0.155,26.2,0.801,1095,3148
斩道成帝,0.483,0.183,23.8,0.669,45,18244
断刃行,0.469,0.0,45.9,0.771,9,333464
新官路商途,0.468,0.113,41.6,0.587,28758,11333508
新界之门,0.542,0.266,26.5,0.589,4252,99809
无上剑主,0.429,0.149,26.1,0.686,24,64907
无上剑仙,0.492,0.166,20.4,0.544,24,21167
无上正道,0.527,0.105,40.8,0.717,44,53956
无双质子,0.467,0.263,23.9,0.585,35,1720
无品大知县,0.417,0.081,49.4,0.446,2179,230996
无境之剑,0.416,0.279,31.6,0.618,23,128155
无尽海图,0.445,0.216,35.5,0.644,79,530860
无敌一剑,0.456,0.298,19.7,0.593,940,52825
无敌从反派狗腿子开始,0.411,0.324,22.7,0.523,25,116184
无敌从斩妖除魔开始！,0.485,0.155,39.2,0.642,27,1767
无敌从降妖除魔开始,0.465,0.247,25.0,0.668,22,291942
无敌六皇子,0.418,0.289,20.1,0.617,72,8142590
无敌剑域,0.495,0.118,28.8,0.625,267,94146680
无敌剑道,0.438,0.233,20.7,0.64,627,18697
无敌天命,0.382,0.308,32.2,0.699,43337,120979693
无敌混沌钟,0.542,0.06,58.9,0.744,2615,102191
无敌邪圣,0.763,0.0,27.8,0.717,977,119647
无极之主,0.452,0.219,22.4,0.64,2145,62049
无量你个大天尊,0.546,0.187,35.9,0.681,510,4081913
无限之我和主角有个约会,0.695,0.015,55.4,0.558,24,34429
无限之这个学院有点诡,0.605,0.217,46.5,0.721,31,42011
无限侵噬世界,0.444,0.302,23.6,0.649,50,77146
无限烽火：坦克大玩家,0.429,0.433,33.1,0.593,65,21224
无限超进化,0.531,0.297,28.7,0.561,224,234091
日月风华,0.582,0.083,92.9,0.764,19525,45432855
时空法则,0.417,0.292,25.1,0.631,171,2200492
时空穿越：我是宇宙设计师,0.45,0.28,32.3,0.64,19,4991
时能武王,0.604,0.019,29.2,0.618,137,222549
明天子,0.529,0.095,26.0,0.711,177,5274633
明末最强县太爷,0.528,0.252,46.6,0.674,22,1034
明末枭臣,0.54,0.246,49.7,0.509,268,157761
明末求生记,0.462,0.124,20.0,0.526,23,1974692
明末草头王,0.503,0.151,41.4,0.575,188,716722
明泽学园高校生,0.49,0.239,24.7,0.546,115,80549
星武帝尊,0.482,0.213,31.1,0.711,29,27766
星武纪元,0.479,0.271,27.0,0.656,11021,1755691
星海剑尊,0.535,0.098,28.4,0.851,223,940068
星海王座,0.443,0.096,25.7,0.734,22016,3988203
星空纪元,0.474,0.194,31.9,0.756,52,566347
星空蕴道,0.557,0.0,309.2,1.0,285,642907
星辰之主,0.717,0.0,21.3,0.623,2314,16793786
星辰大道,0.431,0.186,22.0,0.575,7619,9969829
星际傲游,0.492,0.314,18.7,0.611,58,3007
星际猎人,0.501,0.056,41.9,0.5,415,320375
星魂剑魄,0.464,0.234,30.2,0.657,221,134808
春秋王旗,0.424,0.198,59.2,0.74,140,146925
昭雪令,0.506,0.362,46.5,0.671,292,757462
晋末征途,0.451,0.159,28.5,0.718,26,184779
晋策,0.437,0.158,63.1,0.551,51,33267
暗巷2：凝望,0.423,0.164,27.2,0.405,65,190068
暗巷3：浴火,0.496,0.179,24.4,0.57,46,407018
暴力书生,0.417,0.295,29.4,0.42,47,19382
最后的斩妖仙,0.426,0.219,23.3,0.608,84,8191
最强功法修炼册,0.424,0.235,39.0,0.696,36,27293
最强战神,0.526,0.155,25.3,0.708,17229,24369498
最强狂兵,0.787,0.038,35.9,0.839,5932,207731851
最强狂兵Ⅱ：黑暗荣耀,0.476,0.366,29.8,0.598,12271,19129692
最强职业人,0.476,0.136,35.0,0.403,67,444256
最强逆袭,0.508,0.13,53.9,0.668,86,508948040
最强都市修真,0.472,0.178,39.7,0.645,246,6801789
最强重装,0.438,0.063,46.9,0.535,98,155193
最强锦衣,0.476,0.195,31.6,0.782,37,65253
最牛重生，人生回档在牙牙学语,0.573,0.058,44.7,0.724,121,6668
有帝族背景还开挂，我无敌了！,0.48,0.223,21.1,0.775,1207,1676796
有请剑仙，一剑开天！,0.496,0.303,23.6,0.599,32,279015
望仙门,0.549,0.199,51.2,0.711,37,566050
朝天子,0.521,0.308,25.9,0.578,213,1429632
末世：每日刷新情报，囤女神囤物资！,0.481,0.192,23.8,0.649,17,163767
末世：求生游戏，我跟丧尸学斩仙,0.461,0.281,41.4,0.457,4470,1427189
末世不灭战神,0.511,0.182,35.4,0.683,34,205565
末世余光,0.494,0.073,30.4,0.502,249,32644
末世吞噬者,0.551,0.041,34.6,0.682,29,560066
末世战车，我从自行车开始进化！,0.446,0.251,17.2,0.479,66,1120
末世无限吞噬,0.552,0.169,35.2,0.668,328,4249903
末世无限进化,0.536,0.043,28.1,0.637,75,350024
末世淘汰,0.461,0.415,20.8,0.621,33,2425
末世猎人,0.483,0.054,18.4,0.641,34,835249
末日：别人收集物资，你收集美女？,0.46,0.136,16.1,0.532,22,79594
末日：机战之王,0.443,0.267,28.0,0.699,31,20604
末日天穹,0.478,0.216,43.7,0.588,44,24412
末日崛起,0.475,0.006,48.6,0.722,272,5554067
末日游戏：开局觉醒神级天赋,0.479,0.135,39.3,0.664,73,338611
末日重生：开局囤积SSS级卡牌,0.488,0.291,24.1,0.601,58,1423440
末日重生：开局怒抽前女友,0.481,0.21,28.9,0.561,37,303830
末日降临,0.436,0.064,54.8,0.817,130,45200
末日霸权,0.457,0.244,23.4,0.623,70,1270232
朱元璋穿越崇祯,0.468,0.196,32.9,0.737,443,191292
机战：全金属风暴,0.56,0.144,42.0,0.614,4184,4390297
机战：超新星主宰,0.513,0.133,27.1,0.586,84,31293
杀生仙道,0.506,0.124,29.3,0.77,23,5132
权力巅峰,0.453,0.267,30.3,0.526,731,12915451
权力巅峰：从一等功开始平步青云,0.472,0.169,25.8,0.634,48,1257085
权力巅峰：从县长秘书开始,0.458,0.255,35.3,0.629,17,85092
杨氏崛起之啃孙成仙,0.717,0.032,35.7,0.688,1446,1525279
极品女神赖上我,0.43,0.223,17.6,0.625,127,164277
极品枭龙,0.443,0.406,25.7,0.709,221,1301303
极夜之下,0.517,0.209,21.0,0.616,2207,187460
极致进化,0.564,0.0,96.2,0.948,340,623876
极诣剑仙：从砍柴开始无敌,0.5,0.14,25.9,0.616,877,3444
极道剑尊,0.424,0.256,16.3,0.599,537,3449369
极道武夫,0.495,0.172,42.8,0.628,35,155042
极道猎梦师,0.572,0.204,47.7,0.697,604,1221836
枪破剑界我为皇,0.533,0.132,30.1,0.65,2997,93837
枭臣,0.549,0.237,71.5,0.682,89,42173612
柯南之民风淳朴米花町,0.352,0.287,25.3,0.577,101,3754
校园修仙武神,0.755,0.0,80.6,0.434,77,3583512
校花别哭了，哥的深情你不配,0.433,0.295,36.7,0.566,44,100836
校花的贴身医生,0.43,0.43,25.0,0.741,52,26893
核污海兽变异，我打造了天幕,0.505,0.297,42.6,0.592,18,9742
梦幻西游：至尊花果山,0.418,0.105,36.0,0.542,43,62310
梦醒初时,0.604,0.046,33.7,0.734,277,103461
梦魇游戏：举世皆敌，我来狩猎各国,0.456,0.153,21.9,0.666,10,669273
模拟修仙传,0.628,0.159,51.8,0.768,5185,4612481
横刀行,0.721,0.038,26.2,0.784,62,42981
此剑天上来,0.392,0.227,29.5,0.556,27,44639
此地有妖气,0.458,0.162,21.7,0.671,11358,4075193
步步登阶,0.444,0.183,26.8,0.513,523,1721373
步步高升：从省考状元到权力巅峰,0.554,0.269,22.5,0.645,11367,2212240
武侠世界穿穿穿,0.389,0.326,30.5,0.659,2399,261477
武侠从射雕开始,0.435,0.266,27.4,0.622,22,19143
武夫,0.582,0.021,25.6,0.602,21013,16386285
武夫凶猛,0.552,0.218,32.1,0.792,2299,641092
武夫当立,0.38,0.41,42.9,0.569,29,13806
武尊别回头快跑,0.457,0.209,24.4,0.543,861,157293
武当,0.527,0.188,61.1,0.697,37,64690
武战星空,0.545,0.191,24.4,0.76,56,83284
武游都市,0.504,0.195,39.3,0.61,98,85250
武神,0.527,0.194,18.9,0.763,23,41970
武运昌隆,0.476,0.309,23.3,0.651,94,4779
武道长生，从大离第一纨绔开始,0.455,0.289,17.8,0.664,413,572693
死亡代言人,0.509,0.029,60.1,0.821,88,53925
死神之一刀双魂,0.437,0.249,41.1,0.539,22,9822
毁灭游戏,0.514,0.005,27.9,0.738,14,1288985
民国诡闻实录,0.593,0.304,49.3,0.483,220,148670
民间盗墓实录,0.475,0.219,31.8,0.613,272,19222
气武我为王,0.465,0.364,35.7,0.72,20,15610
水浒：从卖私盐开始,0.546,0.305,45.3,0.59,19,45528
永夜,0.502,0.157,34.0,0.678,295,601520
永夜冥神,0.427,0.235,34.2,0.599,85,163563
永夜君王,0.678,0.004,35.8,0.593,23,127616689
永恒真界,0.518,0.159,34.3,0.706,222,1153
永生才能不灭,0.416,0.21,43.0,0.709,2643,229943
永生攻略,0.481,0.228,22.2,0.636,44,8671
汉威四海,0.408,0.181,21.0,0.712,35,5267
汉宫春,0.48,0.191,31.7,0.578,26,66027
汉灵昭烈,0.597,0.137,21.3,0.553,146,1260108
江湖天子,0.534,0.168,27.3,0.635,1091,133435
江湖男儿：困龙出山,0.503,0.198,26.5,0.676,17399,540829
汴京异闻录,0.437,0.326,27.6,0.736,31,6335
沉睡一年后我无敌了,0.433,0.369,23.8,0.607,444,23905
沧海龙腾录,0.614,0.073,25.1,0.748,45,12219
沧澜仙图,0.541,0.159,44.6,0.721,32,590122
洛神纪,0.432,0.16,32.4,0.732,33,110976
津门诡事录,0.499,0.103,35.4,0.655,158,50798
洪荒之异世神格,0.547,0.004,37.2,0.702,23,54293
流浪之城,0.48,0.0,23.7,0.496,1924,835532
流浪在南明,0.485,0.192,37.9,0.664,91,158889
流浪法骑,0.432,0.149,38.4,0.575,669,118751
浊世第一仙,0.496,0.216,39.7,0.619,21,99065
浑天记,0.605,0.098,23.8,0.759,304,3911630
浮仙令,0.577,0.139,30.2,0.57,407,1110251
浮生应作长歌行,0.494,0.099,27.1,0.583,227,57272
浴天圣帝,0.555,0.035,41.1,0.72,403,66839
深夜乐园,0.419,0.255,30.1,0.682,61,6730594
深度迷案,0.471,0.382,34.7,0.57,233,109565
深海求生：我能看到弹幕提示,0.498,0.036,31.4,0.674,119,335069
深渊之城,0.528,0.37,43.1,0.491,33,15030
深渊季节,0.53,0.159,46.3,0.811,5811,182001
深空虚无,0.444,0.245,46.4,0.707,85,71054
混乱世界当根葱,0.488,0.147,41.4,0.571,64,17896
混沌塔,0.441,0.182,24.5,0.622,146,1077909
混沌川海,0.437,0.144,40.7,0.726,12345,113375
渡劫之王,0.689,0.087,134.6,0.802,48330,576247713
渡厄,0.514,0.158,42.7,0.795,24,28044
湘阳路警事,0.51,0.387,30.2,0.528,1371,2207
源力过载,0.489,0.112,27.3,0.673,3410,918964
满级传球，从皇马解约成全能球王,0.531,0.096,23.5,0.62,11,68029
火影之漩涡毅,0.362,0.341,17.8,0.554,46,33228
火红年代：知青小医生，青梅陪我下乡,0.501,0.167,27.7,0.524,198,250165
灭世雷神,0.441,0.189,30.0,0.581,1100,38828
灯塔战纪,0.522,0.075,52.7,0.797,22,16929
灯影山河,0.45,0.221,32.9,0.692,207,452479
灰烬领主,0.5,0.081,33.9,0.707,10653,19897377
灵世之末,0.44,0.424,35.0,0.449,27,21995
灵异锻刀人,0.393,0.332,22.4,0.416,237,53031
灵气复苏我得天意加持,0.5,0.058,41.8,0.683,6255,199359
灵气降临时代,0.612,0.05,29.4,0.762,92,305370
灵玄共主,0.509,0.076,82.2,0.913,152,36024
灵界战雄,0.44,0.245,22.7,0.555,52,592492
灵纹之主,0.448,0.174,33.3,0.764,232,8346
灵道通宝,0.565,0.136,28.3,0.759,78,7581
炎灵幻界,0.562,0.087,30.7,0.658,28,187326
点道为止,0.457,0.317,35.0,0.75,167,410656624
炼天剑帝,0.495,0.283,22.6,0.643,65,45554
烬尘录,0.51,0.279,24.4,0.546,22,12049
焚天路,0.599,0.0,20.6,0.667,7089,1519244
焚尸五年，一出关就成了天师,0.452,0.11,24.9,0.615,76,10542000
燧源,0.466,0.186,40.3,0.745,28,9508
特战之王,0.726,0.0,17.4,0.462,24,18898648
狂傲为仙,0.631,0.043,47.7,0.58,882,71037
狂兵龙婿,0.497,0.282,30.7,0.628,29,323029
狂暴逆袭,0.421,0.266,25.3,0.604,339,5413528
独尊山海,0.482,0.005,38.6,0.681,506,59678
独步江湖,0.55,0.183,38.0,0.454,32,83891
狼人杀：演员请就位,0.402,0.341,34.4,0.528,24,115385
狼烟晚明,0.541,0.127,32.2,0.592,12,23953
狼胥,0.485,0.221,28.8,0.636,122,27112
猎场风云,0.601,0.029,35.2,0.746,2617,338494
猎天争锋,0.824,0.0,46.2,0.14,4725,13163729
猎户出山,0.867,0.0,48.0,0.929,293,2970946
猎无道,0.588,0.161,27.1,0.786,905,32533
猎魔英雄,0.455,0.436,35.9,0.733,222,839
猩红之主,0.445,0.337,24.1,0.661,21,3555
玄幻：我体内有个魔界女帝,0.384,0.21,26.7,0.725,56,29097
玄幻：诸天最强系统,0.417,0.197,18.7,0.652,13,420146
玉京天,0.528,0.073,31.4,0.667,499,179652
理想之国,0.459,0.461,26.0,0.586,56,1131675
生存技能点满，我靠摸鱼抓虾养活妻女,0.516,0.168,25.2,0.565,8,96713
生性多疑的我觉醒了选择系统,0.529,0.0,28.7,0.73,65,18177
生物骇客,0.625,0.217,27.3,0.565,41,4327367
电视世界大冒险,0.483,0.193,19.8,0.529,71,4705
男人野性,0.456,0.32,19.3,0.527,97,296042
界起通天,0.458,0.173,28.3,0.702,356,84288
疯了吧！你管这叫美丽人生？,0.465,0.174,21.1,0.711,2913,263608
登仙令,0.499,0.136,29.6,0.747,2496,319171
登天,0.45,0.305,23.6,0.685,2062,235558
白夜浮生录,0.522,0.041,25.3,0.655,109,166701
百炼成神,0.466,0.124,30.0,0.663,1100,108323
百转飞仙,0.505,0.135,35.3,0.686,148,223984
盖世,0.564,0.228,28.0,0.626,15562,52250846
盖世人王,0.609,0.115,31.5,0.637,18083,15023259
盖世神医,0.442,0.312,23.8,0.597,724,8936788
盗天战纪,0.483,0.416,26.7,0.644,228,230100
盘天之战,0.416,0.268,44.2,0.759,5755,431478
盘龙神剑,0.428,0.224,19.6,0.698,2816,218936
盛世国手,0.553,0.175,27.3,0.717,103,17497
盛世痞子,0.565,0.129,35.3,0.694,67,46212
相思一剑,0.451,0.253,40.3,0.674,43,42933
看守废丹房三年，我偷偷成仙了,0.497,0.228,22.9,0.578,116,712587
真假回忆录,0.469,0.257,25.1,0.711,20,14954
真战神,0.449,0.032,22.0,0.772,260,146038
真武剑尊,0.532,0.248,22.7,0.691,11,340
破冰,0.565,0.231,49.3,0.705,255,2969
破屋开局：我在古代娇养小甜妻,0.441,0.292,20.8,0.618,10,1247
碧海风云之谋定天下,0.609,0.002,40.4,0.793,1886,442209
碰瓷之王,0.482,0.206,27.8,0.638,7239,502657
神亡禁曲,0.422,0.152,38.5,0.732,67,79823
神医下山，美女总裁倒追我,0.45,0.345,33.2,0.49,175,44739
神医圣手,0.522,0.224,26.8,0.607,7578,1089024
神国之上,0.498,0.172,36.7,0.673,5100,7332006
神墟剑帝,0.578,0.059,45.9,0.783,25,57218
神山纪,0.776,0.0,55.7,0.93,49,60371
神座之上,0.572,0.165,44.5,0.719,48,40755
神机道士在大唐,0.531,0.166,37.8,0.581,140,150155
神洲异事录,0.57,0.052,67.5,0.852,9792,837987
神珠传,0.468,0.196,27.7,0.662,86,71405
神算赘婿,0.415,0.363,24.9,0.606,90,1030640
神级奶爸,0.518,0.242,24.7,0.519,93,14327378
神级负二代,0.497,0.295,23.9,0.582,6547,1712524
神诡世界：开局打造幽冥地府,0.523,0.165,32.6,0.722,53,158338
神霄之上,0.394,0.105,47.7,0.698,14468,2026242
神霄九宸,0.472,0.324,36.8,0.658,154,13173
神魔局,0.505,0.185,31.5,0.63,139,19703
神魔武帝,0.444,0.381,33.4,0.628,45,12429
神魔禁忌,0.435,0.179,40.9,0.67,57,20589
祥和森林,0.548,0.173,33.3,0.655,228,11116
祭炼山河,0.631,0.066,31.9,0.616,113,411543997
禁区之王,0.456,0.058,45.1,0.706,234,270479
离婚后，冰山总裁后悔了,0.485,0.371,21.7,0.664,1408,73306
离婚后，我权势滔天，你哭什么,0.416,0.446,21.9,0.589,146,282077
离婚后，高冷女总裁跪求我原谅,0.47,0.348,20.3,0.543,11174,170217
离婚后：我的身份震惊全世界,0.411,0.455,28.5,0.736,17,18255
种神战争,0.586,0.121,29.6,0.667,22,15817
秦国小坑货,0.546,0.09,29.9,0.591,38,61956
空姐背后,0.511,0.202,28.6,0.449,107,831464
空山剑雨,0.62,0.01,30.6,0.785,195,362985
穿回古代，我靠医术和推理成就医探双绝,0.486,0.318,23.3,0.485,31,434
穿成傻王爷，每天都让反派破防,0.46,0.208,25.1,0.515,26,21166
穿越不够重生来凑,0.524,0.189,32.4,0.639,122,25808
穿越武大郎之救宋,0.453,0.075,41.0,0.811,23,119359
穿越者归来，决战AI,0.441,0.144,28.1,0.617,609,9339
立刀为王,0.475,0.195,35.3,0.796,55,13615
笑傲红楼,0.489,0.272,32.4,0.688,76,2477
笑踏江湖,0.649,0.112,34.6,0.753,361,18968
符定山河,0.478,0.208,30.1,0.598,299,12411
符皇,0.596,0.047,34.4,0.683,15,12572275
第一剑仙,0.536,0.263,18.2,0.608,500,880383
第一天骄,0.451,0.283,27.3,0.643,25853,4423448
第一氏族,0.557,0.204,30.2,0.826,47,6522125
第二王座,0.534,0.043,37.0,0.736,23,8750
策命师,0.367,0.147,31.3,0.533,66,181016
精灵宝可梦现世之梦,0.469,0.122,28.2,0.735,98,170316
系统逼我做神医,0.441,0.302,21.9,0.649,27,10006
繁星书士,0.559,0.146,47.2,0.787,63,512772
红楼低调人生,0.562,0.028,15.5,0.6,55,87704
红警：心灵终结,0.401,0.008,44.2,0.753,22,77489
纨绔太子？听劝就可以变强,0.502,0.203,20.5,0.703,37,27543
纵刀长啸,0.472,0.203,41.7,0.594,340,85791
纵剑三千里,0.482,0.194,31.2,0.588,56,7831
纸黄金,0.384,0.31,29.5,0.522,22,47101
终极逐仙,0.553,0.102,38.4,0.798,95,10234
绝世剑神：君临天下,0.368,0.202,23.1,0.753,1110,2425
绝世太子爷,0.479,0.207,27.1,0.628,28,79071
绝世强者,0.44,0.221,26.3,0.558,3149,4003787
绝世替少,0.557,0.049,77.7,0.771,183,38309
绝世神医,0.511,0.176,24.5,0.778,12246,2855392
绝世龙婿,0.462,0.397,27.6,0.656,413,724470
绝代医仙在都市,0.571,0.2,28.0,0.692,1406,524441
绝命善玉师,0.5,0.252,31.3,0.645,317,29633
绝尘启缘,0.456,0.352,29.7,0.634,97,6616
绝色女总裁：离婚后我走上巅峰,0.497,0.211,23.4,0.644,445,298450
绝色生骄,0.513,0.257,24.3,0.517,35535,3820969
网游：开局刮刮乐，觉醒唯一SSS天赋,0.425,0.221,24.3,0.578,435,863150
网游：我有万倍增幅,0.459,0.137,44.5,0.606,11566,5448327
网游之剑刃舞者,0.523,0.172,133.6,0.672,43,4896963
网游之神箭修罗,0.499,0.223,55.9,0.666,103,84475
网游之霸龙战神,0.469,0.26,27.8,0.485,61,133558
网游成神，从被人踩在脚底开始,0.462,0.315,17.4,0.497,22,9284
罪城之影,0.478,0.172,30.4,0.718,86,15536
罪理谜案,0.467,0.367,36.1,0.527,172,45487
罪罚同行,0.437,0.423,25.6,0.727,432,17093
翊唐,0.592,0.006,50.5,0.947,121,206242
老实人逆袭2003,0.529,0.206,25.8,0.739,31,6144285
老朱偷听我心声，满朝文武心态崩！,0.503,0.082,24.9,0.617,202,786691
职场新贵,0.405,0.384,21.3,0.513,4631,503686
联盟：你的野区我养猪,0.505,0.079,29.7,0.727,71,11032
自在真仙,0.418,0.082,40.7,0.804,13145,140860
至圣冥君,0.512,0.175,55.7,0.692,1146,21262
至尊灵脉,0.377,0.507,22.1,0.612,92,49785
至尊邪圣,0.455,0.116,25.9,0.666,5731,458009
至武剑尊,0.54,0.183,35.2,0.726,148,63993
至隐圣仙,0.584,0.073,52.3,0.886,64,110224
舔狗反派只想苟，女主不按套路走！,0.391,0.241,21.7,0.521,353,2435143
苍穹皆一剑,0.534,0.444,19.8,0.75,61,45235
英雄联盟之起源,0.449,0.172,29.6,0.505,33,50571
荒古帝业,0.412,0.251,41.4,0.705,22,205179
荒古秘主,0.473,0.172,34.4,0.634,117,59535
荡魔,0.532,0.328,23.6,0.699,15,75721
葬仙棺,0.425,0.16,20.6,0.769,255,1115216
葬剑,0.604,0.044,45.6,0.633,21,45812
葬天刀,0.474,0.198,25.7,0.659,1129,24414
葬神棺,0.429,0.374,20.7,0.617,591,5934264
蛮横小仙,0.442,0.1,23.2,0.625,182,58535
蠢贼,0.489,0.349,40.5,0.591,30,142633
血色圣歌,0.514,0.104,30.9,0.74,1759,311645
行走江湖，我有很多工具人,0.372,0.351,29.3,0.518,72,23022
表白前任被拒绝，系统安慰我一万亿,0.439,0.23,25.4,0.714,73,9674
袋子通古今：我助倾国女帝搞基建,0.469,0.219,22.5,0.487,22,133805
被贬边疆，成就最强藩王,0.466,0.28,19.5,0.707,188,669302
裁决之主,0.509,0.096,33.3,0.604,32,103678
西游之师父你别再作妖了,0.542,0.218,29.8,0.686,57,33327
覆海惊澜,0.5,0.16,43.7,0.638,47,21350
覆血夜刀行,0.546,0.163,34.3,0.481,162,305947
警报！真龙出狱！,0.456,0.329,20.0,0.719,257,2509457
许你一剑,0.42,0.157,46.8,0.652,87,12132
诗剑飘香,0.357,0.203,23.4,0.494,2187,32664
诛邪令,0.45,0.232,43.6,0.549,142,10007
话说有座山,0.543,0.166,21.0,0.714,819,23492
诡异修仙：从废土走镖开始,0.495,0.189,20.3,0.615,33,39011
诡异游戏：开局觉醒Bug级天赋,0.48,0.223,21.6,0.546,1620,3199919
诡异降临：我为S级禁忌,0.498,0.184,25.6,0.65,44,120652
诡影邪踪,0.479,0.325,24.3,0.624,105,13417
诡秘之王,0.552,0.202,30.5,0.662,197,28687
请叫我元素师,0.489,0.173,38.6,0.531,124,31531
请叫我顶流巨星,0.45,0.16,21.0,0.694,901,1127105
诸天最强签到系统,0.408,0.328,23.1,0.575,57,65790
诸将说封侯,0.526,0.177,42.0,0.718,68,29412
读档2008,0.503,0.135,29.9,0.694,796,342711
谁说校花高冷？这校花可太甜软了,0.451,0.256,25.8,0.575,25,128393
负鼎,0.541,0.208,47.1,0.783,28,137958
财戒,0.547,0.205,30.4,0.541,178,1012610
贪天,0.583,0.226,41.1,0.713,90,60278
贴身家丁,0.657,0.109,31.2,0.486,83,3215255
赎罪事务所,0.495,0.153,33.5,0.532,60,54748
赘婿出山,0.523,0.131,32.4,0.567,22218,32106501
超凡行动,0.47,0.274,28.8,0.713,90,40676
超品赘婿,0.421,0.202,26.2,0.522,274,660935
超品风水相师,0.491,0.234,25.9,0.71,3542,454314
超弦星空,0.529,0.119,32.1,0.641,1308,492041
超源心域,0.425,0.345,27.6,0.632,58,10675
超级反套路系统,0.516,0.163,17.8,0.578,65,282904
超级大腿系统,0.48,0.176,26.6,0.652,85,193540
超级学霸系统,0.445,0.165,40.4,0.807,126,913698
超级打工者,0.492,0.12,25.1,0.583,45,19243
超级玩家,0.579,0.045,39.9,0.716,78,682304
超级龙婿,0.475,0.14,26.4,0.65,51,477141
超能：我在十一维空间轮回,0.512,0.049,32.4,0.622,440,21757
超能作者,0.521,0.22,32.9,0.798,44,192869
超能国宝,0.437,0.373,23.5,0.505,43,106459
超能星武,0.531,0.143,18.7,0.492,9498,5722448
超能逆天之路,0.347,0.328,21.8,0.552,69,613205
超自然事务管理局,0.471,0.156,30.7,0.654,89,454417
跃马大明,0.458,0.164,28.2,0.558,59,1370332
踏天争仙,0.716,0.0,50.4,0.776,72,2525363
踏星,0.576,0.099,31.3,0.758,5997,130696611
踏破太古,0.474,0.257,23.4,0.614,2571,246138
身处末世：低调不成后信手斩龙,0.457,0.179,43.2,0.653,226,144514
躺平：老婆修炼我变强,0.435,0.235,28.3,0.595,1429,3653299
轮回仙王,0.428,0.435,28.9,0.617,463,65032
轮回至仙,0.494,0.356,20.4,0.475,22,15887
轻侠挽倾,0.514,0.306,23.7,0.657,53,1878
辣手灵探,0.543,0.115,25.4,0.685,51,23592
边关兵王：从领娶罪女开始崛起,0.511,0.215,27.5,0.57,844,1411942
边军悍卒,0.503,0.116,21.0,0.514,635,4074989
边军战神,0.491,0.138,20.8,0.682,122,99724
边城诡事,0.541,0.227,41.8,0.518,947,17034
边月满西山,0.479,0.258,20.6,0.553,10789,5730613
过河卒,0.663,0.0,25.1,0.81,715,10047277
这个世界太危险,0.591,0.176,29.7,0.67,451,21014
这个世界很危险,0.423,0.157,51.1,0.621,154,4141714
这个剑仙太优秀,0.598,0.047,35.9,0.705,123,67663
这个江湖：真气要交税,0.619,0.126,25.1,0.588,6618,41020
这个魔神明明很强却过分多疑,0.471,0.229,24.2,0.731,29,5309
这样的口袋妖怪未免太凶暴了,0.552,0.196,107.6,0.726,54,30197
这软饭我吃定了,0.509,0.279,22.9,0.661,31,324932
这里有诡异,0.424,0.182,33.1,0.691,121,16448
进化降临,0.485,0.129,25.1,0.543,44,490787
迷失蔚蓝,0.484,0.141,31.1,0.561,65,525438
追星逐月,0.506,0.443,43.6,0.602,61,344697
逆世妖尊,0.472,0.235,34.3,0.743,72,4259642
逆世魔帝,0.432,0.168,37.3,0.834,451,58204
逆伐神路,0.45,0.189,18.0,0.629,151,8459
逆修斩天,0.452,0.444,20.2,0.493,894,20656
逆命相师,0.468,0.234,29.8,0.705,350,1135718
逆天宰道,0.48,0.059,34.7,0.851,821,136691
逆天火神,0.448,0.302,28.4,0.809,2904,42844
逆天邪神,0.462,0.231,38.8,0.71,36381,339979184
逆天邪神：师尊，你不太对劲,0.629,0.134,22.9,0.633,176,127013
逆天邪神之永夜魔君,0.568,0.176,22.9,0.66,61,200464
逆天邪神之深渊求生,0.475,0.1,61.7,0.844,16,328708
逆天邪神终局之战,0.574,0.186,46.0,0.887,442,3038642
逆流年代：从1970开始种田养家,0.413,0.23,28.1,0.425,1656,2632012
逍遥四公子,0.438,0.343,19.6,0.474,1173,17521535
逍遥姑爷,0.511,0.252,22.9,0.551,20,921067
逍遥神皇,0.448,0.13,36.7,0.746,128,84969
逐世启示录,0.538,0.179,44.2,0.851,114,39231
逐元,0.468,0.214,18.8,0.568,87,240066
逐鹿客,0.523,0.067,50.1,0.89,406,25888
通天鸿徒,0.523,0.074,27.6,0.745,127,76110
造化图,0.519,0.141,19.6,0.663,57,21673
造化星君,0.388,0.146,44.6,0.693,16,65589
道上青天,0.457,0.129,28.6,0.764,122,240173
道之维,0.543,0.123,52.6,0.65,112,18918
道断修罗,0.486,0.131,26.6,0.745,4337,1633964
道无心,0.625,0.054,31.1,0.635,35,281386
道易天下,0.527,0.078,31.2,0.56,163,867629
道极妖尊,0.464,0.254,26.1,0.668,3820,139945
道槃,0.619,0.11,27.2,0.744,7607,552224
道茫记,0.484,0.244,38.7,0.747,114,142043
遣返者的游戏,0.565,0.0,31.0,0.912,1018,18810972
那小厮,0.756,0.0,26.5,0.658,36,125368
邪龙归来：冰山总裁疯狂倒贴,0.502,0.329,22.2,0.672,2173,67241
都市：炼气九千层，归来已无敌,0.478,0.222,19.5,0.721,5731,23172
都市之同人大暴走,0.535,0.218,33.1,0.574,168,16131
都市之咸鱼翻身,0.406,0.514,27.2,0.594,44,72845
都市之我真的无敌,0.396,0.289,24.9,0.606,277,623330
都市之战神回归,0.49,0.429,35.4,0.661,31,393166
都市之绝品仙尊,0.503,0.211,36.9,0.593,22,5144
都市传说：远古文明的遗产,0.5,0.345,40.6,0.753,306,10072
都市修仙：从被雷劈开始,0.44,0.417,31.7,0.475,48,89578
都市全能狂医,0.476,0.449,26.7,0.59,23,1936
都市凌云志,0.47,0.162,27.4,0.692,32,55892
都市古仙医,0.443,0.189,183.0,0.565,379,34713065
都市古仙医2：大医镇世,0.489,0.245,28.8,0.501,2677,288093
都市大医仙,0.484,0.329,30.0,0.676,2806,746823
都市奇门相师,0.63,0.05,36.9,0.447,55,1456342
都市妖行记,0.411,0.514,26.4,0.534,206,19260
都市无双医圣,0.635,0.131,28.6,0.7,74,108078
都市无敌仙,0.48,0.219,21.3,0.621,30,202899
都市最后一个修真者,0.455,0.361,27.9,0.569,60,135388
都市最强医婿,0.54,0.286,32.3,0.598,46,94226
都市狂龙医仙,0.45,0.327,21.1,0.47,172,1690533
都市玄门弃少,0.467,0.374,31.9,0.525,333,382293
都市神级公子,0.437,0.255,19.9,0.701,65,29830
都市终极龙帝,0.458,0.069,33.6,0.721,92,62238
都市超级医生,0.604,0.087,43.6,0.626,172,54299574
都市超级高手,0.479,0.263,26.4,0.46,6683,42109171
都速通高武了，谁还当舔狗啊！,0.368,0.229,27.1,0.703,22,2579
酒剑四方,0.698,0.0,34.4,0.566,420,650526
酒剑风华,0.506,0.273,60.5,0.77,291,89225
醉里，剑气如霜,0.41,0.191,32.0,0.668,50,201066
重启1991,0.498,0.262,25.5,0.707,24,122629
重启修仙纪元,0.52,0.177,25.7,0.613,64,10710163
重生：拒绝当舔狗，绿茶女友她急了,0.459,0.364,23.9,0.631,22,14561
重生：神豪从追回妻女开始,0.438,0.311,28.3,0.633,24,19717
重生09：我为财富之王,0.407,0.239,43.9,0.735,4591,53650
重生1958：从窝在深山打猎开始,0.423,0.189,23.4,0.625,574,5272679
重生1958：发家致富从南锣鼓巷开始,0.493,0.0,47.5,0.629,156,927254
重生1983：从不做接盘侠开始,0.541,0.183,20.0,0.568,5803,29005
重生1984：我靠赶海打渔成首富,0.469,0.171,28.0,0.441,27,337942
重生1994：从下岗工人开始,0.547,0.163,27.1,0.563,17,162398
重生2000：从追求青涩校花同桌开始,0.463,0.262,17.3,0.666,382,7087719
重生78，开局被女知青退婚,0.532,0.231,27.8,0.672,851,6683075
重生86：人间清醒后，我成了高考状元,0.472,0.282,21.1,0.535,30,4956
重生之乘风破浪,0.483,0.249,50.2,0.555,164,104475
重生之低调大亨,0.503,0.215,32.8,0.591,120,3256052
重生之套路之王,0.478,0.25,23.3,0.68,7968,1904452
重生之我命由我,0.47,0.152,43.1,0.58,28,51925
重生之我是大老板,0.622,0.155,39.6,0.8,34,10216
重生之最强财务,0.64,0.052,39.9,0.828,579,324355
重生之绝世仙尊,0.49,0.283,19.2,0.593,37,8593
重生之芯片大亨,0.464,0.313,32.3,0.493,47,162551
重生之营销之王,0.544,0.118,31.8,0.441,3784,440462
重生于红楼末年,0.512,0.22,35.3,0.592,54,90516
重生从手术室开始,0.447,0.2,17.5,0.639,465,323244
重生从股市开始,0.47,0.206,96.8,0.634,139,880077
重生做农民,0.843,0.0,17.2,0.663,442,407453
重生农门败家子，九岁考科举养活全家,0.539,0.172,20.9,0.421,15,2021
重生印尼当财阀,0.484,0.198,28.3,0.487,93,43782
重生异世界之君临天下,0.47,0.212,42.2,0.674,69,12353
重生急诊医生：从挽救市长千金开始,0.473,0.166,27.5,0.605,359,962092
重生朱厚照，缔造巅峰大明,0.52,0.238,30.9,0.659,67,162538
重生贾环,0.506,0.145,25.9,0.601,28,668418
重装废土,0.457,0.266,32.0,0.609,56,124147
重返05：执掌风云,0.505,0.221,24.8,0.482,13,111553
重返1998,0.565,0.148,24.5,0.45,660,5892648
重返天宫当门将,0.447,0.271,24.2,0.577,14,7072
金刀侠,0.397,0.322,35.5,0.787,142,195901
金币即是正义,0.546,0.171,29.8,0.607,1000,1284743
鉴宝从文物修复开始,0.491,0.152,27.9,0.55,33,1215985
鉴宝捡漏从1988开始,0.513,0.265,29.0,0.458,31,244546
鎏金岁月：带娃渔猎长白山,0.477,0.095,29.0,0.625,223,720863
钢厂濒临破产，反手打造军工基地,0.504,0.243,33.6,0.483,16,367650
银河最强机师,0.414,0.271,31.4,0.547,18,65382
锦衣长安,0.505,0.172,40.9,0.558,90,444557
镇世决,0.601,0.024,30.9,0.69,1389,185884
镇压诸天,0.526,0.319,31.7,0.632,33,858910
镇国医神,0.509,0.276,38.6,0.664,338,703848
镜中结界,0.443,0.316,34.0,0.667,29,7527
长宁帝军,0.437,0.287,32.1,0.594,9217,260839353
长安第一大帮主,0.413,0.249,31.8,0.621,56,18855
长歌落日圆,0.45,0.398,28.0,0.661,239,30774
长河锁浪,0.407,0.368,28.3,0.476,4672,3958304
长生仙途：从听懂灵草说话开始,0.476,0.13,19.5,0.632,38,220832
长风一梦入轮回,0.431,0.25,41.8,0.627,906,17827359
门马,0.457,0.292,30.0,0.552,380,2371978
问天花,0.553,0.134,56.0,0.718,69,10422
问道红尘,0.461,0.241,31.7,0.643,77,185851
问镜,0.53,0.099,39.8,0.657,33,17830446
问鼎：从一等功臣到权力巅峰,0.437,0.183,24.2,0.548,2903,14128443
问鼎青云：从退役功臣到权力之巅,0.434,0.282,21.1,0.664,886,1179025
阎王下山,0.404,0.486,18.6,0.719,233,2583180
阳仙纪,0.447,0.285,19.9,0.625,2122,2270969
阴山咒诅,0.539,0.172,28.3,0.515,233,34786
阴影中的光,0.465,0.279,30.8,0.439,18,2617
阴秘诡事,0.507,0.286,182.3,0.504,35,23768
阴脉先生,0.561,0.124,32.2,0.542,497,1966911
阴都天子,0.489,0.253,21.9,0.53,24,11955
阴阳小神医,0.467,0.154,31.1,0.505,27,470625
阴阳石,0.586,0.086,32.8,0.646,53,1026189
阴阳视界,0.52,0.085,32.5,0.786,22,461
陆地键仙,0.476,0.233,35.8,0.744,16601,28632846
降魔之刃,0.509,0.228,19.7,0.723,3805,330863
陛下，你管这叫没落寒门？,0.544,0.254,22.8,0.616,307,221233
陛下别开挂了,0.532,0.202,25.6,0.671,74,188469
陵夭,0.474,0.207,23.6,0.565,229,132744
陵虚血途,0.435,0.203,31.8,0.731,7238,973159
隐动仙魔,0.645,0.001,29.7,0.859,251,18111
隐龙,0.523,0.269,46.9,0.646,58,12111
雨墨修仙传,0.532,0.079,26.5,0.698,98,72732
雪中悍刀行,0.603,0.025,64.7,0.659,636,122880172
雪雾王座,0.504,0.162,58.3,0.673,147,3362
雪魔刀,0.437,0.185,26.6,0.657,6648,257677
霜刃裁天,0.502,0.477,45.5,0.635,7308,414057
霜雪照曦言,0.696,0.0,25.9,0.585,154,235069
霜雪照曦言之九州化龙诀,0.429,0.305,31.9,0.543,119,3964
霸王之姿,0.428,0.33,28.7,0.764,69,34860
青龙鉴,0.464,0.133,29.8,0.776,61,40234
非洲酋长,0.592,0.1,52.8,0.698,8420,6975112
顶流男神当红不让,0.451,0.286,34.8,0.609,234,52239
顶级顽家,0.511,0.186,26.1,0.701,29,28615
风云龙婿,0.608,0.067,76.1,0.19,86,4263597
风吹春又生,0.535,0.077,88.9,0.754,277,127134
风水大相士,0.405,0.248,22.7,0.46,80,335473
风水小相士,0.481,0.228,23.5,0.525,293,724777
风水秘闻实录,0.501,0.18,20.8,0.493,124,686472
风起宁古塔,0.46,0.08,34.4,0.681,34,65750
飞升管理员,0.488,0.299,26.1,0.508,2664,74364
飞雪葬红叶,0.543,0.18,29.7,0.838,120,38292
食肉之羊,0.493,0.311,44.5,0.621,27,86702
饥荒：狩猎养家，我把娇妻宠上天！,0.485,0.159,23.6,0.681,20,4532
饮者,0.463,0.175,22.9,0.726,125,17422
香江财阀：开局收购奥迪，拿下赌王女儿,0.451,0.345,23.6,0.594,12,67822
驭兽行天下,0.434,0.341,20.6,0.547,68,25155
驭命图,0.52,0.437,31.5,0.559,15308,1376128
骑士征程,0.485,0.146,33.6,0.622,5310,12255138
骑砍之龙与领主,0.518,0.029,38.4,0.802,3018,548249
高手下山：开局迎娶绝美女总裁,0.476,0.298,23.3,0.642,25,51975
高武：开局俘获校花，我靠装杯杀疯了,0.51,0.179,23.2,0.618,2880,168605
高武：我有一个合成栏,0.387,0.304,20.6,0.678,263,985705
高武：我的体质能吞噬,0.392,0.312,25.7,0.675,16,14907
高武：我的武道天赋每周刷新,0.412,0.186,30.2,0.823,12,130955
高武校长，我的实力是全校总和！,0.439,0.297,25.2,0.65,270,511554
魔栖梧桐,0.559,0.248,32.5,0.744,73,716007
魔法世界的机械异端,0.38,0.331,23.6,0.63,58,37739
魔法丹师,0.476,0.315,26.2,0.554,32,13029
魔神乐园,0.462,0.121,21.9,0.532,29,251757
魔罗剑神,0.467,0.302,32.2,0.665,43,46620
魔道最强剑仙,0.586,0.212,35.0,0.711,224,18517
魔鬼侦查局,0.459,0.317,25.4,0.575,24,22619
鱼龙变,0.484,0.263,39.5,0.596,254,68512
鸿蒙霸体诀,0.444,0.238,26.4,0.665,2102,4302876
黄泉借皮,0.44,0.123,30.5,0.467,98,409182
黎明气象局,0.56,0.183,39.9,0.637,24,35534
黑暗之声,0.405,0.337,25.5,0.548,45,49400
黑暗圣光,0.704,0.003,17.1,0.613,406,681552
黑神话：身外化身掌握万千兵器,0.464,0.226,20.9,0.655,82,4992
黑雾之下,0.439,0.124,42.1,0.663,2064,4319942
齐天,0.465,0.291,20.6,0.595,11092,1320841
龙悦荷香,0.561,0.237,20.9,0.79,275,155588
龙武星魂,0.56,0.255,35.1,0.642,96,78629
龙血狂神,0.476,0.209,26.5,0.709,36,14136
龙象,0.464,0.167,35.6,0.632,109,1831036
龙门战神,0.512,0.146,28.5,0.716,566,260427
